title	revid
Zigzag of Success	8915421
Konnevesi	9577719
Syed Ahmed (politician)	10939122
British Rail Class 93	7795829
Jimmy MacDonald	10718036
Donkey Kong Country Returns	10093160
Peace TV	10794449
El Caribe	10109855
Bob Sinclar	9849651
Leroy, Texas	10716443
Nita Ambani	10966206
El Gordo	10909285
Sedan, Ardennes	9733251
Fracture (geology)	6173798
The Cosby Show	10727032
Bernes-sur-Oise	8489240
Harvey Atkin	8472871
Elm, Switzerland	10984208
Phil Woods	10906326
Barbara (singer)	8342482
Michael Curry (bishop)	10184784
Frank Dolphin	10833998
Choi Sung-kuk	10738556
Anastassiya Yeremina	9582884
Lori Chavez-DeRemer	10985939
